source_row,paper_id,title,reason,hypothesis_source,hypothesis_words,conclusion_words
0,2609.10541v1,Symplectic Hopf Insulator: Delicate Topology in Bosonic Bogoliubov-de Gennes Systems,missing_hypothesis;missing_conclusion,not_found,0,0
1,2609.10538v1,Exact dimensionality of stationary measures for nonuniformly conformally contracting random diffeomorphisms,missing_conclusion,introduction,60,0
3,2609.10536v1,Performance Comparison of the Nonlinear Curvature and Shack-Hartmann Wavefront Sensors in Strong Turbulence,missing_conclusion,introduction,47,0
4,2609.10535v1,For Whom Does Bell Hold?,missing_hypothesis,not_found,0,1020
5,2609.10532v1,The kinematics of tadpole galaxies at intermediate redshift z \sim 0.4 - 1.5,missing_conclusion,introduction,92,0
6,2609.10528v1,The Ding--Song--Sun inequality via a maximum principle,missing_hypothesis;missing_conclusion,not_found,0,0
7,2609.10524v1,Precision in Rice Variety Classification using Stacking-Based Ensemble Learning,missing_hypothesis;missing_conclusion,not_found,0,0
8,2609.10519v1,Optimal Intermediate Hamiltonians for Non-Equilibrium Free Energy Calculations: A Numerical Study of Markov Models,missing_hypothesis;missing_conclusion,not_found,0,0
9,2609.10512v1,Rogue-like waves from collision of mKdV solitons,missing_hypothesis;missing_conclusion,not_found,0,0
